{
  "caption": null,
  "width": 2488,
  "height": 224,
  "speed": 0,
  "persistent": false,
  "background_color": 0,
  "draw_background_color": false,
  "creation_code_id": "gml_Room_rm46_PhotoShoot02_Create",
  "flags": 196611,
  "world": false,
  "top": 0,
  "left": 0,
  "right": 0,
  "bottom": 0,
  "gravity_x": 0,
  "gravity_y": 10,
  "meters_per_pixel": 0.1,
  "backgrounds": [],
  "views": [
    {
      "enabled": true,
      "view_x": 0,
      "view_y": 0,
      "view_width": 384,
      "view_height": 216,
      "port_x": 0,
      "port_y": 0,
      "port_width": 384,
      "port_height": 216,
      "border_x": 32,
      "border_y": 32,
      "speed_x": -1,
      "speed_y": -1,
      "object_id": null
    },
    {
      "enabled": false,
      "view_x": 0,
      "view_y": 0,
      "view_width": 1024,
      "view_height": 768,
      "port_x": 0,
      "port_y": 0,
      "port_width": 1024,
      "port_height": 768,
      "border_x": 32,
      "border_y": 32,
      "speed_x": -1,
      "speed_y": -1,
      "object_id": null
    },
    {
      "enabled": false,
      "view_x": 0,
      "view_y": 0,
      "view_width": 1024,
      "view_height": 768,
      "port_x": 0,
      "port_y": 0,
      "port_width": 1024,
      "port_height": 768,
      "border_x": 32,
      "border_y": 32,
      "speed_x": -1,
      "speed_y": -1,
      "object_id": null
    },
    {
      "enabled": false,
      "view_x": 0,
      "view_y": 0,
      "view_width": 1024,
      "view_height": 768,
      "port_x": 0,
      "port_y": 0,
      "port_width": 1024,
      "port_height": 768,
      "border_x": 32,
      "border_y": 32,
      "speed_x": -1,
      "speed_y": -1,
      "object_id": null
    },
    {
      "enabled": false,
      "view_x": 0,
      "view_y": 0,
      "view_width": 1024,
      "view_height": 768,
      "port_x": 0,
      "port_y": 0,
      "port_width": 1024,
      "port_height": 768,
      "border_x": 32,
      "border_y": 32,
      "speed_x": -1,
      "speed_y": -1,
      "object_id": null
    },
    {
      "enabled": false,
      "view_x": 0,
      "view_y": 0,
      "view_width": 1024,
      "view_height": 768,
      "port_x": 0,
      "port_y": 0,
      "port_width": 1024,
      "port_height": 768,
      "border_x": 32,
      "border_y": 32,
      "speed_x": -1,
      "speed_y": -1,
      "object_id": null
    },
    {
      "enabled": false,
      "view_x": 0,
      "view_y": 0,
      "view_width": 1024,
      "view_height": 768,
      "port_x": 0,
      "port_y": 0,
      "port_width": 1024,
      "port_height": 768,
      "border_x": 32,
      "border_y": 32,
      "speed_x": -1,
      "speed_y": -1,
      "object_id": null
    },
    {
      "enabled": false,
      "view_x": 0,
      "view_y": 0,
      "view_width": 1024,
      "view_height": 768,
      "port_x": 0,
      "port_y": 0,
      "port_width": 1024,
      "port_height": 768,
      "border_x": 32,
      "border_y": 32,
      "speed_x": -1,
      "speed_y": -1,
      "object_id": null
    }
  ],
  "game_objects": [
    {
      "x": 96,
      "y": 96,
      "object_definition": "o46_Mas",
      "instance_id": 141622,
      "creation_code": null,
      "scale_x": 1,
      "scale_y": 1,
      "color": 4294967295,
      "rotation": 0,
      "pre_create_code": null,
      "image_speed": 1,
      "image_index": 0
    },
    {
      "x": 0,
      "y": 0,
      "object_definition": "o46_Void",
      "instance_id": 141725,
      "creation_code": null,
      "scale_x": 1,
      "scale_y": 1,
      "color": 4294967295,
      "rotation": 0,
      "pre_create_code": null,
      "image_speed": 1,
      "image_index": 0
    },
    {
      "x": 464,
      "y": 48,
      "object_definition": "o46_eAsteroid",
      "instance_id": 141623,
      "creation_code": null,
      "scale_x": 1,
      "scale_y": 1,
      "color": 4294967295,
      "rotation": 0,
      "pre_create_code": null,
      "image_speed": 1,
      "image_index": 0
    },
    {
      "x": 480,
      "y": 160,
      "object_definition": "o46_eAsteroid",
      "instance_id": 141624,
      "creation_code": null,
      "scale_x": 1,
      "scale_y": 1,
      "color": 4294967295,
      "rotation": 0,
      "pre_create_code": null,
      "image_speed": 1,
      "image_index": 0
    },
    {
      "x": 496,
      "y": 64,
      "object_definition": "o46_eAsteroid",
      "instance_id": 141625,
      "creation_code": null,
      "scale_x": 1,
      "scale_y": 1,
      "color": 4294967295,
      "rotation": 0,
      "pre_create_code": null,
      "image_speed": 1,
      "image_index": 0
    },
    {
      "x": 560,
      "y": 96,
      "object_definition": "o46_eAsteroid",
      "instance_id": 141626,
      "creation_code": null,
      "scale_x": 1,
      "scale_y": 1,
      "color": 4294967295,
      "rotation": 0,
      "pre_create_code": null,
      "image_speed": 1,
      "image_index": 0
    },
    {
      "x": 608,
      "y": 128,
      "object_definition": "o46_eAsteroid",
      "instance_id": 141627,
      "creation_code": null,
      "scale_x": 1,
      "scale_y": 1,
      "color": 4294967295,
      "rotation": 0,
      "pre_create_code": null,
      "image_speed": 1,
      "image_index": 0
    },
    {
      "x": 592,
      "y": 64,
      "object_definition": "o46_eAsteroid",
      "instance_id": 141628,
      "creation_code": null,
      "scale_x": 1,
      "scale_y": 1,
      "color": 4294967295,
      "rotation": 0,
      "pre_create_code": null,
      "image_speed": 1,
      "image_index": 0
    },
    {
      "x": 576,
      "y": 144,
      "object_definition": "o46_eAsteroid",
      "instance_id": 141629,
      "creation_code": null,
      "scale_x": 1,
      "scale_y": 1,
      "color": 4294967295,
      "rotation": 0,
      "pre_create_code": null,
      "image_speed": 1,
      "image_index": 0
    },
    {
      "x": 608,
      "y": 80,
      "object_definition": "o46_eAsteroid",
      "instance_id": 141630,
      "creation_code": null,
      "scale_x": 1,
      "scale_y": 1,
      "color": 4294967295,
      "rotation": 0,
      "pre_create_code": null,
      "image_speed": 1,
      "image_index": 0
    },
    {
      "x": 672,
      "y": 64,
      "object_definition": "o46_eAsteroidBig",
      "instance_id": 141631,
      "creation_code": null,
      "scale_x": 1,
      "scale_y": 1,
      "color": 4294967295,
      "rotation": 0,
      "pre_create_code": null,
      "image_speed": 1,
      "image_index": 0
    },
    {
      "x": 704,
      "y": 160,
      "object_definition": "o46_eAsteroidBig",
      "instance_id": 141632,
      "creation_code": null,
      "scale_x": 1,
      "scale_y": 1,
      "color": 4294967295,
      "rotation": 0,
      "pre_create_code": null,
      "image_speed": 1,
      "image_index": 0
    },
    {
      "x": 800,
      "y": 208,
      "object_definition": "o46_eChopper",
      "instance_id": 141633,
      "creation_code": "gml_RoomCC_rm46_PhotoShoot02_0_Create",
      "scale_x": 1,
      "scale_y": 1,
      "color": 4294967295,
      "rotation": 0,
      "pre_create_code": null,
      "image_speed": 1,
      "image_index": 0
    },
    {
      "x": 848,
      "y": 208,
      "object_definition": "o46_eChopper",
      "instance_id": 141634,
      "creation_code": "gml_RoomCC_rm46_PhotoShoot02_1_Create",
      "scale_x": 1,
      "scale_y": 1,
      "color": 4294967295,
      "rotation": 0,
      "pre_create_code": null,
      "image_speed": 1,
      "image_index": 0
    },
    {
      "x": 896,
      "y": 208,
      "object_definition": "o46_eChopper",
      "instance_id": 141635,
      "creation_code": "gml_RoomCC_rm46_PhotoShoot02_2_Create",
      "scale_x": 1,
      "scale_y": 1,
      "color": 4294967295,
      "rotation": 0,
      "pre_create_code": null,
      "image_speed": 1,
      "image_index": 0
    },
    {
      "x": 624,
      "y": 96,
      "object_definition": "o46_eAsteroid",
      "instance_id": 141636,
      "creation_code": null,
      "scale_x": 1,
      "scale_y": 1,
      "color": 4294967295,
      "rotation": 0,
      "pre_create_code": null,
      "image_speed": 1,
      "image_index": 0
    },
    {
      "x": 640,
      "y": 144,
      "object_definition": "o46_eAsteroid",
      "instance_id": 141637,
      "creation_code": null,
      "scale_x": 1,
      "scale_y": 1,
      "color": 4294967295,
      "rotation": 0,
      "pre_create_code": null,
      "image_speed": 1,
      "image_index": 0
    },
    {
      "x": 736,
      "y": 112,
      "object_definition": "o46_eAsteroid",
      "instance_id": 141638,
      "creation_code": null,
      "scale_x": 1,
      "scale_y": 1,
      "color": 4294967295,
      "rotation": 0,
      "pre_create_code": null,
      "image_speed": 1,
      "image_index": 0
    },
    {
      "x": 768,
      "y": 144,
      "object_definition": "o46_eAsteroid",
      "instance_id": 141639,
      "creation_code": null,
      "scale_x": 1,
      "scale_y": 1,
      "color": 4294967295,
      "rotation": 0,
      "pre_create_code": null,
      "image_speed": 1,
      "image_index": 0
    },
    {
      "x": 992,
      "y": 64,
      "object_definition": "o46_eAsteroid",
      "instance_id": 141640,
      "creation_code": null,
      "scale_x": 1,
      "scale_y": 1,
      "color": 4294967295,
      "rotation": 0,
      "pre_create_code": null,
      "image_speed": 1,
      "image_index": 0
    },
    {
      "x": 1024,
      "y": 112,
      "object_definition": "o46_eAsteroid",
      "instance_id": 141641,
      "creation_code": null,
      "scale_x": 1,
      "scale_y": 1,
      "color": 4294967295,
      "rotation": 0,
      "pre_create_code": null,
      "image_speed": 1,
      "image_index": 0
    },
    {
      "x": 1024,
      "y": 128,
      "object_definition": "o46_eAsteroid",
      "instance_id": 141642,
      "creation_code": null,
      "scale_x": 1,
      "scale_y": 1,
      "color": 4294967295,
      "rotation": 0,
      "pre_create_code": null,
      "image_speed": 1,
      "image_index": 0
    },
    {
      "x": 1072,
      "y": 64,
      "object_definition": "o46_eAsteroid",
      "instance_id": 141643,
      "creation_code": null,
      "scale_x": 1,
      "scale_y": 1,
      "color": 4294967295,
      "rotation": 0,
      "pre_create_code": null,
      "image_speed": 1,
      "image_index": 0
    },
    {
      "x": 1120,
      "y": 96,
      "object_definition": "o46_eAsteroid",
      "instance_id": 141644,
      "creation_code": null,
      "scale_x": 1,
      "scale_y": 1,
      "color": 4294967295,
      "rotation": 0,
      "pre_create_code": null,
      "image_speed": 1,
      "image_index": 0
    },
    {
      "x": 1056,
      "y": 80,
      "object_definition": "o46_eAsteroid",
      "instance_id": 141645,
      "creation_code": null,
      "scale_x": 1,
      "scale_y": 1,
      "color": 4294967295,
      "rotation": 0,
      "pre_create_code": null,
      "image_speed": 1,
      "image_index": 0
    },
    {
      "x": 1136,
      "y": 128,
      "object_definition": "o46_eAsteroid",
      "instance_id": 141646,
      "creation_code": null,
      "scale_x": 1,
      "scale_y": 1,
      "color": 4294967295,
      "rotation": 0,
      "pre_create_code": null,
      "image_speed": 1,
      "image_index": 0
    },
    {
      "x": 1168,
      "y": 64,
      "object_definition": "o46_eAsteroid",
      "instance_id": 141647,
      "creation_code": null,
      "scale_x": 1,
      "scale_y": 1,
      "color": 4294967295,
      "rotation": 0,
      "pre_create_code": null,
      "image_speed": 1,
      "image_index": 0
    },
    {
      "x": 1280,
      "y": 112,
      "object_definition": "o46_eAsteroid",
      "instance_id": 141648,
      "creation_code": null,
      "scale_x": 1,
      "scale_y": 1,
      "color": 4294967295,
      "rotation": 0,
      "pre_create_code": null,
      "image_speed": 1,
      "image_index": 0
    },
    {
      "x": 1200,
      "y": 128,
      "object_definition": "o46_eAsteroid",
      "instance_id": 141649,
      "creation_code": null,
      "scale_x": 1,
      "scale_y": 1,
      "color": 4294967295,
      "rotation": 0,
      "pre_create_code": null,
      "image_speed": 1,
      "image_index": 0
    },
    {
      "x": 1264,
      "y": 144,
      "object_definition": "o46_eAsteroid",
      "instance_id": 141650,
      "creation_code": null,
      "scale_x": 1,
      "scale_y": 1,
      "color": 4294967295,
      "rotation": 0,
      "pre_create_code": null,
      "image_speed": 1,
      "image_index": 0
    },
    {
      "x": 1232,
      "y": 112,
      "object_definition": "o46_eAsteroid",
      "instance_id": 141651,
      "creation_code": null,
      "scale_x": 1,
      "scale_y": 1,
      "color": 4294967295,
      "rotation": 0,
      "pre_create_code": null,
      "image_speed": 1,
      "image_index": 0
    },
    {
      "x": 1280,
      "y": 48,
      "object_definition": "o46_eAsteroid",
      "instance_id": 141652,
      "creation_code": null,
      "scale_x": 1,
      "scale_y": 1,
      "color": 4294967295,
      "rotation": 0,
      "pre_create_code": null,
      "image_speed": 1,
      "image_index": 0
    },
    {
      "x": 1088,
      "y": 160,
      "object_definition": "o46_eAsteroidBig",
      "instance_id": 141653,
      "creation_code": null,
      "scale_x": 1,
      "scale_y": 1,
      "color": 4294967295,
      "rotation": 0,
      "pre_create_code": null,
      "image_speed": 1,
      "image_index": 0
    },
    {
      "x": 1200,
      "y": 96,
      "object_definition": "o46_eAsteroidBig",
      "instance_id": 141654,
      "creation_code": null,
      "scale_x": 1,
      "scale_y": 1,
      "color": 4294967295,
      "rotation": 0,
      "pre_create_code": null,
      "image_speed": 1,
      "image_index": 0
    },
    {
      "x": 1328,
      "y": 192,
      "object_definition": "o46_eChopper",
      "instance_id": 141655,
      "creation_code": "gml_RoomCC_rm46_PhotoShoot02_3_Create",
      "scale_x": 1,
      "scale_y": 1,
      "color": 4294967295,
      "rotation": 0,
      "pre_create_code": null,
      "image_speed": 1,
      "image_index": 0
    },
    {
      "x": 1328,
      "y": 208,
      "object_definition": "o46_eChopper",
      "instance_id": 141656,
      "creation_code": "gml_RoomCC_rm46_PhotoShoot02_4_Create",
      "scale_x": 1,
      "scale_y": 1,
      "color": 4294967295,
      "rotation": 0,
      "pre_create_code": null,
      "image_speed": 1,
      "image_index": 0
    },
    {
      "x": 1392,
      "y": 32,
      "object_definition": "o46_eChopper",
      "instance_id": 141657,
      "creation_code": "gml_RoomCC_rm46_PhotoShoot02_5_Create",
      "scale_x": 1,
      "scale_y": 1,
      "color": 4294967295,
      "rotation": 0,
      "pre_create_code": null,
      "image_speed": 1,
      "image_index": 0
    },
    {
      "x": 1392,
      "y": 16,
      "object_definition": "o46_eChopper",
      "instance_id": 141658,
      "creation_code": "gml_RoomCC_rm46_PhotoShoot02_6_Create",
      "scale_x": 1,
      "scale_y": 1,
      "color": 4294967295,
      "rotation": 0,
      "pre_create_code": null,
      "image_speed": 1,
      "image_index": 0
    },
    {
      "x": 1440,
      "y": 192,
      "object_definition": "o46_eChopper",
      "instance_id": 141659,
      "creation_code": "gml_RoomCC_rm46_PhotoShoot02_7_Create",
      "scale_x": 1,
      "scale_y": 1,
      "color": 4294967295,
      "rotation": 0,
      "pre_create_code": null,
      "image_speed": 1,
      "image_index": 0
    },
    {
      "x": 1472,
      "y": 192,
      "object_definition": "o46_eChopper",
      "instance_id": 141660,
      "creation_code": "gml_RoomCC_rm46_PhotoShoot02_8_Create",
      "scale_x": 1,
      "scale_y": 1,
      "color": 4294967295,
      "rotation": 0,
      "pre_create_code": null,
      "image_speed": 1,
      "image_index": 0
    },
    {
      "x": 1472,
      "y": 32,
      "object_definition": "o46_eChopper",
      "instance_id": 141661,
      "creation_code": "gml_RoomCC_rm46_PhotoShoot02_9_Create",
      "scale_x": 1,
      "scale_y": 1,
      "color": 4294967295,
      "rotation": 0,
      "pre_create_code": null,
      "image_speed": 1,
      "image_index": 0
    },
    {
      "x": 1504,
      "y": 32,
      "object_definition": "o46_eChopper",
      "instance_id": 141662,
      "creation_code": "gml_RoomCC_rm46_PhotoShoot02_10_Create",
      "scale_x": 1,
      "scale_y": 1,
      "color": 4294967295,
      "rotation": 0,
      "pre_create_code": null,
      "image_speed": 1,
      "image_index": 0
    },
    {
      "x": 1456,
      "y": 192,
      "object_definition": "o46_eChopper",
      "instance_id": 141663,
      "creation_code": "gml_RoomCC_rm46_PhotoShoot02_11_Create",
      "scale_x": 1,
      "scale_y": 1,
      "color": 4294967295,
      "rotation": 0,
      "pre_create_code": null,
      "image_speed": 1,
      "image_index": 0
    },
    {
      "x": 1488,
      "y": 32,
      "object_definition": "o46_eChopper",
      "instance_id": 141664,
      "creation_code": "gml_RoomCC_rm46_PhotoShoot02_12_Create",
      "scale_x": 1,
      "scale_y": 1,
      "color": 4294967295,
      "rotation": 0,
      "pre_create_code": null,
      "image_speed": 1,
      "image_index": 0
    },
    {
      "x": 816,
      "y": 80,
      "object_definition": "o46_eAsteroidBig",
      "instance_id": 141665,
      "creation_code": null,
      "scale_x": 1,
      "scale_y": 1,
      "color": 4294967295,
      "rotation": 0,
      "pre_create_code": null,
      "image_speed": 1,
      "image_index": 0
    },
    {
      "x": 1120,
      "y": 64,
      "object_definition": "o46_eAsteroidBig",
      "instance_id": 141666,
      "creation_code": null,
      "scale_x": 1,
      "scale_y": 1,
      "color": 4294967295,
      "rotation": 0,
      "pre_create_code": null,
      "image_speed": 1,
      "image_index": 0
    },
    {
      "x": 1216,
      "y": 160,
      "object_definition": "o46_eAsteroidBig",
      "instance_id": 141667,
      "creation_code": null,
      "scale_x": 1,
      "scale_y": 1,
      "color": 4294967295,
      "rotation": 0,
      "pre_create_code": null,
      "image_speed": 1,
      "image_index": 0
    },
    {
      "x": 1024,
      "y": 48,
      "object_definition": "o46_eMine",
      "instance_id": 141668,
      "creation_code": null,
      "scale_x": 1,
      "scale_y": 1,
      "color": 4294967295,
      "rotation": 0,
      "pre_create_code": null,
      "image_speed": 1,
      "image_index": 0
    },
    {
      "x": 1120,
      "y": 144,
      "object_definition": "o46_eMine",
      "instance_id": 141669,
      "creation_code": null,
      "scale_x": 1,
      "scale_y": 1,
      "color": 4294967295,
      "rotation": 0,
      "pre_create_code": null,
      "image_speed": 1,
      "image_index": 0
    },
    {
      "x": 592,
      "y": 80,
      "object_definition": "o46_eAsteroid",
      "instance_id": 141670,
      "creation_code": null,
      "scale_x": 1,
      "scale_y": 1,
      "color": 4294967295,
      "rotation": 0,
      "pre_create_code": null,
      "image_speed": 1,
      "image_index": 0
    },
    {
      "x": 640,
      "y": 64,
      "object_definition": "o46_eAsteroid",
      "instance_id": 141671,
      "creation_code": null,
      "scale_x": 1,
      "scale_y": 1,
      "color": 4294967295,
      "rotation": 0,
      "pre_create_code": null,
      "image_speed": 1,
      "image_index": 0
    },
    {
      "x": 704,
      "y": 112,
      "object_definition": "o46_eAsteroid",
      "instance_id": 141672,
      "creation_code": null,
      "scale_x": 1,
      "scale_y": 1,
      "color": 4294967295,
      "rotation": 0,
      "pre_create_code": null,
      "image_speed": 1,
      "image_index": 0
    },
    {
      "x": 736,
      "y": 80,
      "object_definition": "o46_eAsteroid",
      "instance_id": 141673,
      "creation_code": null,
      "scale_x": 1,
      "scale_y": 1,
      "color": 4294967295,
      "rotation": 0,
      "pre_create_code": null,
      "image_speed": 1,
      "image_index": 0
    },
    {
      "x": 768,
      "y": 128,
      "object_definition": "o46_eAsteroid",
      "instance_id": 141674,
      "creation_code": null,
      "scale_x": 1,
      "scale_y": 1,
      "color": 4294967295,
      "rotation": 0,
      "pre_create_code": null,
      "image_speed": 1,
      "image_index": 0
    },
    {
      "x": 800,
      "y": 160,
      "object_definition": "o46_eAsteroid",
      "instance_id": 141675,
      "creation_code": null,
      "scale_x": 1,
      "scale_y": 1,
      "color": 4294967295,
      "rotation": 0,
      "pre_create_code": null,
      "image_speed": 1,
      "image_index": 0
    },
    {
      "x": 736,
      "y": 144,
      "object_definition": "o46_eAsteroid",
      "instance_id": 141676,
      "creation_code": null,
      "scale_x": 1,
      "scale_y": 1,
      "color": 4294967295,
      "rotation": 0,
      "pre_create_code": null,
      "image_speed": 1,
      "image_index": 0
    },
    {
      "x": 1248,
      "y": 80,
      "object_definition": "o46_eAsteroid",
      "instance_id": 141677,
      "creation_code": null,
      "scale_x": 1,
      "scale_y": 1,
      "color": 4294967295,
      "rotation": 0,
      "pre_create_code": null,
      "image_speed": 1,
      "image_index": 0
    },
    {
      "x": 1296,
      "y": 64,
      "object_definition": "o46_eAsteroid",
      "instance_id": 141678,
      "creation_code": null,
      "scale_x": 1,
      "scale_y": 1,
      "color": 4294967295,
      "rotation": 0,
      "pre_create_code": null,
      "image_speed": 1,
      "image_index": 0
    },
    {
      "x": 608,
      "y": 112,
      "object_definition": "o46_eAsteroid",
      "instance_id": 141679,
      "creation_code": null,
      "scale_x": 1,
      "scale_y": 1,
      "color": 4294967295,
      "rotation": 0,
      "pre_create_code": null,
      "image_speed": 1,
      "image_index": 0
    },
    {
      "x": 640,
      "y": 128,
      "object_definition": "o46_eAsteroid",
      "instance_id": 141680,
      "creation_code": null,
      "scale_x": 1,
      "scale_y": 1,
      "color": 4294967295,
      "rotation": 0,
      "pre_create_code": null,
      "image_speed": 1,
      "image_index": 0
    },
    {
      "x": 1744,
      "y": 128,
      "object_definition": "o46_eCroiss",
      "instance_id": 141681,
      "creation_code": null,
      "scale_x": 1,
      "scale_y": 1,
      "color": 4294967295,
      "rotation": 0,
      "pre_create_code": null,
      "image_speed": 1,
      "image_index": 0
    },
    {
      "x": 1808,
      "y": 64,
      "object_definition": "o46_eCroiss",
      "instance_id": 141682,
      "creation_code": null,
      "scale_x": 1,
      "scale_y": 1,
      "color": 4294967295,
      "rotation": 0,
      "pre_create_code": null,
      "image_speed": 1,
      "image_index": 0
    },
    {
      "x": 1776,
      "y": 144,
      "object_definition": "o46_eCroiss",
      "instance_id": 141683,
      "creation_code": null,
      "scale_x": 1,
      "scale_y": 1,
      "color": 4294967295,
      "rotation": 0,
      "pre_create_code": null,
      "image_speed": 1,
      "image_index": 0
    },
    {
      "x": 1840,
      "y": 80,
      "object_definition": "o46_eCroiss",
      "instance_id": 141684,
      "creation_code": null,
      "scale_x": 1,
      "scale_y": 1,
      "color": 4294967295,
      "rotation": 0,
      "pre_create_code": null,
      "image_speed": 1,
      "image_index": 0
    },
    {
      "x": 1616,
      "y": 128,
      "object_definition": "o46_eSiner",
      "instance_id": 141685,
      "creation_code": null,
      "scale_x": 1,
      "scale_y": 1,
      "color": 4294967295,
      "rotation": 0,
      "pre_create_code": null,
      "image_speed": 1,
      "image_index": 0
    },
    {
      "x": 1624,
      "y": 128,
      "object_definition": "o46_eSiner",
      "instance_id": 141686,
      "creation_code": null,
      "scale_x": 1,
      "scale_y": 1,
      "color": 4294967295,
      "rotation": 0,
      "pre_create_code": null,
      "image_speed": 1,
      "image_index": 0
    },
    {
      "x": 1632,
      "y": 128,
      "object_definition": "o46_eSiner",
      "instance_id": 141687,
      "creation_code": null,
      "scale_x": 1,
      "scale_y": 1,
      "color": 4294967295,
      "rotation": 0,
      "pre_create_code": null,
      "image_speed": 1,
      "image_index": 0
    },
    {
      "x": 1640,
      "y": 128,
      "object_definition": "o46_eSiner",
      "instance_id": 141688,
      "creation_code": null,
      "scale_x": 1,
      "scale_y": 1,
      "color": 4294967295,
      "rotation": 0,
      "pre_create_code": null,
      "image_speed": 1,
      "image_index": 0
    },
    {
      "x": 1648,
      "y": 128,
      "object_definition": "o46_eSiner",
      "instance_id": 141689,
      "creation_code": null,
      "scale_x": 1,
      "scale_y": 1,
      "color": 4294967295,
      "rotation": 0,
      "pre_create_code": null,
      "image_speed": 1,
      "image_index": 0
    },
    {
      "x": 1656,
      "y": 128,
      "object_definition": "o46_eSiner",
      "instance_id": 141690,
      "creation_code": null,
      "scale_x": 1,
      "scale_y": 1,
      "color": 4294967295,
      "rotation": 0,
      "pre_create_code": null,
      "image_speed": 1,
      "image_index": 0
    },
    {
      "x": 1616,
      "y": 80,
      "object_definition": "o46_eSiner",
      "instance_id": 141691,
      "creation_code": null,
      "scale_x": 1,
      "scale_y": 1,
      "color": 4294967295,
      "rotation": 0,
      "pre_create_code": null,
      "image_speed": 1,
      "image_index": 0
    },
    {
      "x": 1624,
      "y": 80,
      "object_definition": "o46_eSiner",
      "instance_id": 141692,
      "creation_code": null,
      "scale_x": 1,
      "scale_y": 1,
      "color": 4294967295,
      "rotation": 0,
      "pre_create_code": null,
      "image_speed": 1,
      "image_index": 0
    },
    {
      "x": 1632,
      "y": 80,
      "object_definition": "o46_eSiner",
      "instance_id": 141693,
      "creation_code": null,
      "scale_x": 1,
      "scale_y": 1,
      "color": 4294967295,
      "rotation": 0,
      "pre_create_code": null,
      "image_speed": 1,
      "image_index": 0
    },
    {
      "x": 1640,
      "y": 80,
      "object_definition": "o46_eSiner",
      "instance_id": 141694,
      "creation_code": null,
      "scale_x": 1,
      "scale_y": 1,
      "color": 4294967295,
      "rotation": 0,
      "pre_create_code": null,
      "image_speed": 1,
      "image_index": 0
    },
    {
      "x": 1656,
      "y": 80,
      "object_definition": "o46_eSiner",
      "instance_id": 141696,
      "creation_code": null,
      "scale_x": 1,
      "scale_y": 1,
      "color": 4294967295,
      "rotation": 0,
      "pre_create_code": null,
      "image_speed": 1,
      "image_index": 0
    },
    {
      "x": 1808,
      "y": 112,
      "object_definition": "o46_eMine",
      "instance_id": 141697,
      "creation_code": null,
      "scale_x": 1,
      "scale_y": 1,
      "color": 4294967295,
      "rotation": 0,
      "pre_create_code": null,
      "image_speed": 1,
      "image_index": 0
    },
    {
      "x": 1872,
      "y": 48,
      "object_definition": "o46_eMine",
      "instance_id": 141698,
      "creation_code": null,
      "scale_x": 1,
      "scale_y": 1,
      "color": 4294967295,
      "rotation": 0,
      "pre_create_code": null,
      "image_speed": 1,
      "image_index": 0
    },
    {
      "x": 1984,
      "y": 144,
      "object_definition": "o46_eMine",
      "instance_id": 141699,
      "creation_code": null,
      "scale_x": 1,
      "scale_y": 1,
      "color": 4294967295,
      "rotation": 0,
      "pre_create_code": null,
      "image_speed": 1,
      "image_index": 0
    },
    {
      "x": 2144,
      "y": 128,
      "object_definition": "o46_eMine",
      "instance_id": 141700,
      "creation_code": null,
      "scale_x": 1,
      "scale_y": 1,
      "color": 4294967295,
      "rotation": 0,
      "pre_create_code": null,
      "image_speed": 1,
      "image_index": 0
    },
    {
      "x": 2032,
      "y": 112,
      "object_definition": "o46_eMine",
      "instance_id": 141701,
      "creation_code": null,
      "scale_x": 1,
      "scale_y": 1,
      "color": 4294967295,
      "rotation": 0,
      "pre_create_code": null,
      "image_speed": 1,
      "image_index": 0
    },
    {
      "x": 2112,
      "y": 80,
      "object_definition": "o46_eMine",
      "instance_id": 141702,
      "creation_code": null,
      "scale_x": 1,
      "scale_y": 1,
      "color": 4294967295,
      "rotation": 0,
      "pre_create_code": null,
      "image_speed": 1,
      "image_index": 0
    },
    {
      "x": 1936,
      "y": 160,
      "object_definition": "o46_eCroiss",
      "instance_id": 141703,
      "creation_code": null,
      "scale_x": 1,
      "scale_y": 1,
      "color": 4294967295,
      "rotation": 0,
      "pre_create_code": null,
      "image_speed": 1,
      "image_index": 0
    },
    {
      "x": 2016,
      "y": 112,
      "object_definition": "o46_eCroiss",
      "instance_id": 141704,
      "creation_code": null,
      "scale_x": 1,
      "scale_y": 1,
      "color": 4294967295,
      "rotation": 0,
      "pre_create_code": null,
      "image_speed": 1,
      "image_index": 0
    },
    {
      "x": 1968,
      "y": 192,
      "object_definition": "o46_eChopper",
      "instance_id": 141705,
      "creation_code": "gml_RoomCC_rm46_PhotoShoot02_13_Create",
      "scale_x": 1,
      "scale_y": 1,
      "color": 4294967295,
      "rotation": 0,
      "pre_create_code": null,
      "image_speed": 1,
      "image_index": 0
    },
    {
      "x": 1904,
      "y": 32,
      "object_definition": "o46_eChopper",
      "instance_id": 141706,
      "creation_code": "gml_RoomCC_rm46_PhotoShoot02_14_Create",
      "scale_x": 1,
      "scale_y": 1,
      "color": 4294967295,
      "rotation": 0,
      "pre_create_code": null,
      "image_speed": 1,
      "image_index": 0
    },
    {
      "x": 2096,
      "y": 192,
      "object_definition": "o46_eChopper",
      "instance_id": 141707,
      "creation_code": "gml_RoomCC_rm46_PhotoShoot02_15_Create",
      "scale_x": 1,
      "scale_y": 1,
      "color": 4294967295,
      "rotation": 0,
      "pre_create_code": null,
      "image_speed": 1,
      "image_index": 0
    },
    {
      "x": 2096,
      "y": 208,
      "object_definition": "o46_eChopper",
      "instance_id": 141708,
      "creation_code": "gml_RoomCC_rm46_PhotoShoot02_16_Create",
      "scale_x": 1,
      "scale_y": 1,
      "color": 4294967295,
      "rotation": 0,
      "pre_create_code": null,
      "image_speed": 1,
      "image_index": 0
    },
    {
      "x": 2128,
      "y": 16,
      "object_definition": "o46_eChopper",
      "instance_id": 141709,
      "creation_code": "gml_RoomCC_rm46_PhotoShoot02_17_Create",
      "scale_x": 1,
      "scale_y": 1,
      "color": 4294967295,
      "rotation": 0,
      "pre_create_code": null,
      "image_speed": 1,
      "image_index": 0
    },
    {
      "x": 2160,
      "y": 32,
      "object_definition": "o46_eChopper",
      "instance_id": 141710,
      "creation_code": "gml_RoomCC_rm46_PhotoShoot02_18_Create",
      "scale_x": 1,
      "scale_y": 1,
      "color": 4294967295,
      "rotation": 0,
      "pre_create_code": null,
      "image_speed": 1,
      "image_index": 0
    },
    {
      "x": 2224,
      "y": 64,
      "object_definition": "o46_eCroiss",
      "instance_id": 141711,
      "creation_code": null,
      "scale_x": 1,
      "scale_y": 1,
      "color": 4294967295,
      "rotation": 0,
      "pre_create_code": null,
      "image_speed": 1,
      "image_index": 0
    },
    {
      "x": 2224,
      "y": 112,
      "object_definition": "o46_eCroiss",
      "instance_id": 141712,
      "creation_code": null,
      "scale_x": 1,
      "scale_y": 1,
      "color": 4294967295,
      "rotation": 0,
      "pre_create_code": null,
      "image_speed": 1,
      "image_index": 0
    },
    {
      "x": 2224,
      "y": 160,
      "object_definition": "o46_eCroiss",
      "instance_id": 141713,
      "creation_code": null,
      "scale_x": 1,
      "scale_y": 1,
      "color": 4294967295,
      "rotation": 0,
      "pre_create_code": null,
      "image_speed": 1,
      "image_index": 0
    },
    {
      "x": 872,
      "y": 112,
      "object_definition": "o46_SinerTall",
      "instance_id": 141714,
      "creation_code": null,
      "scale_x": 1,
      "scale_y": 1,
      "color": 4294967295,
      "rotation": 0,
      "pre_create_code": null,
      "image_speed": 1,
      "image_index": 0
    },
    {
      "x": 880,
      "y": 112,
      "object_definition": "o46_SinerTall",
      "instance_id": 141715,
      "creation_code": null,
      "scale_x": 1,
      "scale_y": 1,
      "color": 4294967295,
      "rotation": 0,
      "pre_create_code": null,
      "image_speed": 1,
      "image_index": 0
    },
    {
      "x": 888,
      "y": 112,
      "object_definition": "o46_SinerTall",
      "instance_id": 141716,
      "creation_code": null,
      "scale_x": 1,
      "scale_y": 1,
      "color": 4294967295,
      "rotation": 0,
      "pre_create_code": null,
      "image_speed": 1,
      "image_index": 0
    },
    {
      "x": 896,
      "y": 112,
      "object_definition": "o46_SinerTall",
      "instance_id": 141717,
      "creation_code": null,
      "scale_x": 1,
      "scale_y": 1,
      "color": 4294967295,
      "rotation": 0,
      "pre_create_code": null,
      "image_speed": 1,
      "image_index": 0
    },
    {
      "x": 904,
      "y": 112,
      "object_definition": "o46_SinerTall",
      "instance_id": 141718,
      "creation_code": "gml_RoomCC_rm46_PhotoShoot02_19_Create",
      "scale_x": 1,
      "scale_y": 1,
      "color": 4294967295,
      "rotation": 0,
      "pre_create_code": null,
      "image_speed": 1,
      "image_index": 0
    },
    {
      "x": 912,
      "y": 112,
      "object_definition": "o46_SinerTall",
      "instance_id": 141719,
      "creation_code": null,
      "scale_x": 1,
      "scale_y": 1,
      "color": 4294967295,
      "rotation": 0,
      "pre_create_code": null,
      "image_speed": 1,
      "image_index": 0
    },
    {
      "x": 920,
      "y": 112,
      "object_definition": "o46_SinerTall",
      "instance_id": 141720,
      "creation_code": null,
      "scale_x": 1,
      "scale_y": 1,
      "color": 4294967295,
      "rotation": 0,
      "pre_create_code": null,
      "image_speed": 1,
      "image_index": 0
    },
    {
      "x": 928,
      "y": 112,
      "object_definition": "o46_SinerTall",
      "instance_id": 141721,
      "creation_code": null,
      "scale_x": 1,
      "scale_y": 1,
      "color": 4294967295,
      "rotation": 0,
      "pre_create_code": null,
      "image_speed": 1,
      "image_index": 0
    },
    {
      "x": 936,
      "y": 112,
      "object_definition": "o46_SinerTall",
      "instance_id": 141722,
      "creation_code": null,
      "scale_x": 1,
      "scale_y": 1,
      "color": 4294967295,
      "rotation": 0,
      "pre_create_code": null,
      "image_speed": 1,
      "image_index": 0
    },
    {
      "x": 2272,
      "y": 96,
      "object_definition": "o46_eCroiss",
      "instance_id": 141723,
      "creation_code": null,
      "scale_x": 1,
      "scale_y": 1,
      "color": 4294967295,
      "rotation": 0,
      "pre_create_code": null,
      "image_speed": 1,
      "image_index": 0
    },
    {
      "x": 2272,
      "y": 144,
      "object_definition": "o46_eCroiss",
      "instance_id": 141724,
      "creation_code": null,
      "scale_x": 1,
      "scale_y": 1,
      "color": 4294967295,
      "rotation": 0,
      "pre_create_code": null,
      "image_speed": 1,
      "image_index": 0
    },
    {
      "x": 1648,
      "y": 80,
      "object_definition": "o46_eXLifer01",
      "instance_id": 204479,
      "creation_code": null,
      "scale_x": 1,
      "scale_y": 1,
      "color": 4294967295,
      "rotation": 0,
      "pre_create_code": null,
      "image_speed": 0,
      "image_index": 0
    }
  ],
  "tiles": [],
  "layers": [
    {
      "layer_name": "Compatibility_Instances_Depth_-200",
      "layer_id": 236,
      "layer_type": 2,
      "layer_depth": -200,
      "x_offset": 0,
      "y_offset": 0,
      "h_speed": 0,
      "v_speed": 0,
      "is_visible": true,
      "layer_data": {
        "instances": [
          {
            "x": 96,
            "y": 96,
            "object_definition": "o46_Mas",
            "instance_id": 141622,
            "creation_code": null,
            "scale_x": 1,
            "scale_y": 1,
            "color": 4294967295,
            "rotation": 0,
            "pre_create_code": null,
            "image_speed": 1,
            "image_index": 0
          }
        ]
      }
    },
    {
      "layer_name": "Compatibility_Instances_Depth_0",
      "layer_id": 237,
      "layer_type": 2,
      "layer_depth": 0,
      "x_offset": 0,
      "y_offset": 0,
      "h_speed": 0,
      "v_speed": 0,
      "is_visible": true,
      "layer_data": {
        "instances": [
          {
            "x": 464,
            "y": 48,
            "object_definition": "o46_eAsteroid",
            "instance_id": 141623,
            "creation_code": null,
            "scale_x": 1,
            "scale_y": 1,
            "color": 4294967295,
            "rotation": 0,
            "pre_create_code": null,
            "image_speed": 1,
            "image_index": 0
          },
          {
            "x": 480,
            "y": 160,
            "object_definition": "o46_eAsteroid",
            "instance_id": 141624,
            "creation_code": null,
            "scale_x": 1,
            "scale_y": 1,
            "color": 4294967295,
            "rotation": 0,
            "pre_create_code": null,
            "image_speed": 1,
            "image_index": 0
          },
          {
            "x": 496,
            "y": 64,
            "object_definition": "o46_eAsteroid",
            "instance_id": 141625,
            "creation_code": null,
            "scale_x": 1,
            "scale_y": 1,
            "color": 4294967295,
            "rotation": 0,
            "pre_create_code": null,
            "image_speed": 1,
            "image_index": 0
          },
          {
            "x": 560,
            "y": 96,
            "object_definition": "o46_eAsteroid",
            "instance_id": 141626,
            "creation_code": null,
            "scale_x": 1,
            "scale_y": 1,
            "color": 4294967295,
            "rotation": 0,
            "pre_create_code": null,
            "image_speed": 1,
            "image_index": 0
          },
          {
            "x": 608,
            "y": 128,
            "object_definition": "o46_eAsteroid",
            "instance_id": 141627,
            "creation_code": null,
            "scale_x": 1,
            "scale_y": 1,
            "color": 4294967295,
            "rotation": 0,
            "pre_create_code": null,
            "image_speed": 1,
            "image_index": 0
          },
          {
            "x": 592,
            "y": 64,
            "object_definition": "o46_eAsteroid",
            "instance_id": 141628,
            "creation_code": null,
            "scale_x": 1,
            "scale_y": 1,
            "color": 4294967295,
            "rotation": 0,
            "pre_create_code": null,
            "image_speed": 1,
            "image_index": 0
          },
          {
            "x": 576,
            "y": 144,
            "object_definition": "o46_eAsteroid",
            "instance_id": 141629,
            "creation_code": null,
            "scale_x": 1,
            "scale_y": 1,
            "color": 4294967295,
            "rotation": 0,
            "pre_create_code": null,
            "image_speed": 1,
            "image_index": 0
          },
          {
            "x": 608,
            "y": 80,
            "object_definition": "o46_eAsteroid",
            "instance_id": 141630,
            "creation_code": null,
            "scale_x": 1,
            "scale_y": 1,
            "color": 4294967295,
            "rotation": 0,
            "pre_create_code": null,
            "image_speed": 1,
            "image_index": 0
          },
          {
            "x": 672,
            "y": 64,
            "object_definition": "o46_eAsteroidBig",
            "instance_id": 141631,
            "creation_code": null,
            "scale_x": 1,
            "scale_y": 1,
            "color": 4294967295,
            "rotation": 0,
            "pre_create_code": null,
            "image_speed": 1,
            "image_index": 0
          },
          {
            "x": 704,
            "y": 160,
            "object_definition": "o46_eAsteroidBig",
            "instance_id": 141632,
            "creation_code": null,
            "scale_x": 1,
            "scale_y": 1,
            "color": 4294967295,
            "rotation": 0,
            "pre_create_code": null,
            "image_speed": 1,
            "image_index": 0
          },
          {
            "x": 800,
            "y": 208,
            "object_definition": "o46_eChopper",
            "instance_id": 141633,
            "creation_code": "gml_RoomCC_rm46_PhotoShoot02_0_Create",
            "scale_x": 1,
            "scale_y": 1,
            "color": 4294967295,
            "rotation": 0,
            "pre_create_code": null,
            "image_speed": 1,
            "image_index": 0
          },
          {
            "x": 848,
            "y": 208,
            "object_definition": "o46_eChopper",
            "instance_id": 141634,
            "creation_code": "gml_RoomCC_rm46_PhotoShoot02_1_Create",
            "scale_x": 1,
            "scale_y": 1,
            "color": 4294967295,
            "rotation": 0,
            "pre_create_code": null,
            "image_speed": 1,
            "image_index": 0
          },
          {
            "x": 896,
            "y": 208,
            "object_definition": "o46_eChopper",
            "instance_id": 141635,
            "creation_code": "gml_RoomCC_rm46_PhotoShoot02_2_Create",
            "scale_x": 1,
            "scale_y": 1,
            "color": 4294967295,
            "rotation": 0,
            "pre_create_code": null,
            "image_speed": 1,
            "image_index": 0
          },
          {
            "x": 624,
            "y": 96,
            "object_definition": "o46_eAsteroid",
            "instance_id": 141636,
            "creation_code": null,
            "scale_x": 1,
            "scale_y": 1,
            "color": 4294967295,
            "rotation": 0,
            "pre_create_code": null,
            "image_speed": 1,
            "image_index": 0
          },
          {
            "x": 640,
            "y": 144,
            "object_definition": "o46_eAsteroid",
            "instance_id": 141637,
            "creation_code": null,
            "scale_x": 1,
            "scale_y": 1,
            "color": 4294967295,
            "rotation": 0,
            "pre_create_code": null,
            "image_speed": 1,
            "image_index": 0
          },
          {
            "x": 736,
            "y": 112,
            "object_definition": "o46_eAsteroid",
            "instance_id": 141638,
            "creation_code": null,
            "scale_x": 1,
            "scale_y": 1,
            "color": 4294967295,
            "rotation": 0,
            "pre_create_code": null,
            "image_speed": 1,
            "image_index": 0
          },
          {
            "x": 768,
            "y": 144,
            "object_definition": "o46_eAsteroid",
            "instance_id": 141639,
            "creation_code": null,
            "scale_x": 1,
            "scale_y": 1,
            "color": 4294967295,
            "rotation": 0,
            "pre_create_code": null,
            "image_speed": 1,
            "image_index": 0
          },
          {
            "x": 992,
            "y": 64,
            "object_definition": "o46_eAsteroid",
            "instance_id": 141640,
            "creation_code": null,
            "scale_x": 1,
            "scale_y": 1,
            "color": 4294967295,
            "rotation": 0,
            "pre_create_code": null,
            "image_speed": 1,
            "image_index": 0
          },
          {
            "x": 1024,
            "y": 112,
            "object_definition": "o46_eAsteroid",
            "instance_id": 141641,
            "creation_code": null,
            "scale_x": 1,
            "scale_y": 1,
            "color": 4294967295,
            "rotation": 0,
            "pre_create_code": null,
            "image_speed": 1,
            "image_index": 0
          },
          {
            "x": 1024,
            "y": 128,
            "object_definition": "o46_eAsteroid",
            "instance_id": 141642,
            "creation_code": null,
            "scale_x": 1,
            "scale_y": 1,
            "color": 4294967295,
            "rotation": 0,
            "pre_create_code": null,
            "image_speed": 1,
            "image_index": 0
          },
          {
            "x": 1072,
            "y": 64,
            "object_definition": "o46_eAsteroid",
            "instance_id": 141643,
            "creation_code": null,
            "scale_x": 1,
            "scale_y": 1,
            "color": 4294967295,
            "rotation": 0,
            "pre_create_code": null,
            "image_speed": 1,
            "image_index": 0
          },
          {
            "x": 1120,
            "y": 96,
            "object_definition": "o46_eAsteroid",
            "instance_id": 141644,
            "creation_code": null,
            "scale_x": 1,
            "scale_y": 1,
            "color": 4294967295,
            "rotation": 0,
            "pre_create_code": null,
            "image_speed": 1,
            "image_index": 0
          },
          {
            "x": 1056,
            "y": 80,
            "object_definition": "o46_eAsteroid",
            "instance_id": 141645,
            "creation_code": null,
            "scale_x": 1,
            "scale_y": 1,
            "color": 4294967295,
            "rotation": 0,
            "pre_create_code": null,
            "image_speed": 1,
            "image_index": 0
          },
          {
            "x": 1136,
            "y": 128,
            "object_definition": "o46_eAsteroid",
            "instance_id": 141646,
            "creation_code": null,
            "scale_x": 1,
            "scale_y": 1,
            "color": 4294967295,
            "rotation": 0,
            "pre_create_code": null,
            "image_speed": 1,
            "image_index": 0
          },
          {
            "x": 1168,
            "y": 64,
            "object_definition": "o46_eAsteroid",
            "instance_id": 141647,
            "creation_code": null,
            "scale_x": 1,
            "scale_y": 1,
            "color": 4294967295,
            "rotation": 0,
            "pre_create_code": null,
            "image_speed": 1,
            "image_index": 0
          },
          {
            "x": 1280,
            "y": 112,
            "object_definition": "o46_eAsteroid",
            "instance_id": 141648,
            "creation_code": null,
            "scale_x": 1,
            "scale_y": 1,
            "color": 4294967295,
            "rotation": 0,
            "pre_create_code": null,
            "image_speed": 1,
            "image_index": 0
          },
          {
            "x": 1200,
            "y": 128,
            "object_definition": "o46_eAsteroid",
            "instance_id": 141649,
            "creation_code": null,
            "scale_x": 1,
            "scale_y": 1,
            "color": 4294967295,
            "rotation": 0,
            "pre_create_code": null,
            "image_speed": 1,
            "image_index": 0
          },
          {
            "x": 1264,
            "y": 144,
            "object_definition": "o46_eAsteroid",
            "instance_id": 141650,
            "creation_code": null,
            "scale_x": 1,
            "scale_y": 1,
            "color": 4294967295,
            "rotation": 0,
            "pre_create_code": null,
            "image_speed": 1,
            "image_index": 0
          },
          {
            "x": 1232,
            "y": 112,
            "object_definition": "o46_eAsteroid",
            "instance_id": 141651,
            "creation_code": null,
            "scale_x": 1,
            "scale_y": 1,
            "color": 4294967295,
            "rotation": 0,
            "pre_create_code": null,
            "image_speed": 1,
            "image_index": 0
          },
          {
            "x": 1280,
            "y": 48,
            "object_definition": "o46_eAsteroid",
            "instance_id": 141652,
            "creation_code": null,
            "scale_x": 1,
            "scale_y": 1,
            "color": 4294967295,
            "rotation": 0,
            "pre_create_code": null,
            "image_speed": 1,
            "image_index": 0
          },
          {
            "x": 1088,
            "y": 160,
            "object_definition": "o46_eAsteroidBig",
            "instance_id": 141653,
            "creation_code": null,
            "scale_x": 1,
            "scale_y": 1,
            "color": 4294967295,
            "rotation": 0,
            "pre_create_code": null,
            "image_speed": 1,
            "image_index": 0
          },
          {
            "x": 1200,
            "y": 96,
            "object_definition": "o46_eAsteroidBig",
            "instance_id": 141654,
            "creation_code": null,
            "scale_x": 1,
            "scale_y": 1,
            "color": 4294967295,
            "rotation": 0,
            "pre_create_code": null,
            "image_speed": 1,
            "image_index": 0
          },
          {
            "x": 1328,
            "y": 192,
            "object_definition": "o46_eChopper",
            "instance_id": 141655,
            "creation_code": "gml_RoomCC_rm46_PhotoShoot02_3_Create",
            "scale_x": 1,
            "scale_y": 1,
            "color": 4294967295,
            "rotation": 0,
            "pre_create_code": null,
            "image_speed": 1,
            "image_index": 0
          },
          {
            "x": 1328,
            "y": 208,
            "object_definition": "o46_eChopper",
            "instance_id": 141656,
            "creation_code": "gml_RoomCC_rm46_PhotoShoot02_4_Create",
            "scale_x": 1,
            "scale_y": 1,
            "color": 4294967295,
            "rotation": 0,
            "pre_create_code": null,
            "image_speed": 1,
            "image_index": 0
          },
          {
            "x": 1392,
            "y": 32,
            "object_definition": "o46_eChopper",
            "instance_id": 141657,
            "creation_code": "gml_RoomCC_rm46_PhotoShoot02_5_Create",
            "scale_x": 1,
            "scale_y": 1,
            "color": 4294967295,
            "rotation": 0,
            "pre_create_code": null,
            "image_speed": 1,
            "image_index": 0
          },
          {
            "x": 1392,
            "y": 16,
            "object_definition": "o46_eChopper",
            "instance_id": 141658,
            "creation_code": "gml_RoomCC_rm46_PhotoShoot02_6_Create",
            "scale_x": 1,
            "scale_y": 1,
            "color": 4294967295,
            "rotation": 0,
            "pre_create_code": null,
            "image_speed": 1,
            "image_index": 0
          },
          {
            "x": 1440,
            "y": 192,
            "object_definition": "o46_eChopper",
            "instance_id": 141659,
            "creation_code": "gml_RoomCC_rm46_PhotoShoot02_7_Create",
            "scale_x": 1,
            "scale_y": 1,
            "color": 4294967295,
            "rotation": 0,
            "pre_create_code": null,
            "image_speed": 1,
            "image_index": 0
          },
          {
            "x": 1472,
            "y": 192,
            "object_definition": "o46_eChopper",
            "instance_id": 141660,
            "creation_code": "gml_RoomCC_rm46_PhotoShoot02_8_Create",
            "scale_x": 1,
            "scale_y": 1,
            "color": 4294967295,
            "rotation": 0,
            "pre_create_code": null,
            "image_speed": 1,
            "image_index": 0
          },
          {
            "x": 1472,
            "y": 32,
            "object_definition": "o46_eChopper",
            "instance_id": 141661,
            "creation_code": "gml_RoomCC_rm46_PhotoShoot02_9_Create",
            "scale_x": 1,
            "scale_y": 1,
            "color": 4294967295,
            "rotation": 0,
            "pre_create_code": null,
            "image_speed": 1,
            "image_index": 0
          },
          {
            "x": 1504,
            "y": 32,
            "object_definition": "o46_eChopper",
            "instance_id": 141662,
            "creation_code": "gml_RoomCC_rm46_PhotoShoot02_10_Create",
            "scale_x": 1,
            "scale_y": 1,
            "color": 4294967295,
            "rotation": 0,
            "pre_create_code": null,
            "image_speed": 1,
            "image_index": 0
          },
          {
            "x": 1456,
            "y": 192,
            "object_definition": "o46_eChopper",
            "instance_id": 141663,
            "creation_code": "gml_RoomCC_rm46_PhotoShoot02_11_Create",
            "scale_x": 1,
            "scale_y": 1,
            "color": 4294967295,
            "rotation": 0,
            "pre_create_code": null,
            "image_speed": 1,
            "image_index": 0
          },
          {
            "x": 1488,
            "y": 32,
            "object_definition": "o46_eChopper",
            "instance_id": 141664,
            "creation_code": "gml_RoomCC_rm46_PhotoShoot02_12_Create",
            "scale_x": 1,
            "scale_y": 1,
            "color": 4294967295,
            "rotation": 0,
            "pre_create_code": null,
            "image_speed": 1,
            "image_index": 0
          },
          {
            "x": 816,
            "y": 80,
            "object_definition": "o46_eAsteroidBig",
            "instance_id": 141665,
            "creation_code": null,
            "scale_x": 1,
            "scale_y": 1,
            "color": 4294967295,
            "rotation": 0,
            "pre_create_code": null,
            "image_speed": 1,
            "image_index": 0
          },
          {
            "x": 1120,
            "y": 64,
            "object_definition": "o46_eAsteroidBig",
            "instance_id": 141666,
            "creation_code": null,
            "scale_x": 1,
            "scale_y": 1,
            "color": 4294967295,
            "rotation": 0,
            "pre_create_code": null,
            "image_speed": 1,
            "image_index": 0
          },
          {
            "x": 1216,
            "y": 160,
            "object_definition": "o46_eAsteroidBig",
            "instance_id": 141667,
            "creation_code": null,
            "scale_x": 1,
            "scale_y": 1,
            "color": 4294967295,
            "rotation": 0,
            "pre_create_code": null,
            "image_speed": 1,
            "image_index": 0
          },
          {
            "x": 1024,
            "y": 48,
            "object_definition": "o46_eMine",
            "instance_id": 141668,
            "creation_code": null,
            "scale_x": 1,
            "scale_y": 1,
            "color": 4294967295,
            "rotation": 0,
            "pre_create_code": null,
            "image_speed": 1,
            "image_index": 0
          },
          {
            "x": 1120,
            "y": 144,
            "object_definition": "o46_eMine",
            "instance_id": 141669,
            "creation_code": null,
            "scale_x": 1,
            "scale_y": 1,
            "color": 4294967295,
            "rotation": 0,
            "pre_create_code": null,
            "image_speed": 1,
            "image_index": 0
          },
          {
            "x": 592,
            "y": 80,
            "object_definition": "o46_eAsteroid",
            "instance_id": 141670,
            "creation_code": null,
            "scale_x": 1,
            "scale_y": 1,
            "color": 4294967295,
            "rotation": 0,
            "pre_create_code": null,
            "image_speed": 1,
            "image_index": 0
          },
          {
            "x": 640,
            "y": 64,
            "object_definition": "o46_eAsteroid",
            "instance_id": 141671,
            "creation_code": null,
            "scale_x": 1,
            "scale_y": 1,
            "color": 4294967295,
            "rotation": 0,
            "pre_create_code": null,
            "image_speed": 1,
            "image_index": 0
          },
          {
            "x": 704,
            "y": 112,
            "object_definition": "o46_eAsteroid",
            "instance_id": 141672,
            "creation_code": null,
            "scale_x": 1,
            "scale_y": 1,
            "color": 4294967295,
            "rotation": 0,
            "pre_create_code": null,
            "image_speed": 1,
            "image_index": 0
          },
          {
            "x": 736,
            "y": 80,
            "object_definition": "o46_eAsteroid",
            "instance_id": 141673,
            "creation_code": null,
            "scale_x": 1,
            "scale_y": 1,
            "color": 4294967295,
            "rotation": 0,
            "pre_create_code": null,
            "image_speed": 1,
            "image_index": 0
          },
          {
            "x": 768,
            "y": 128,
            "object_definition": "o46_eAsteroid",
            "instance_id": 141674,
            "creation_code": null,
            "scale_x": 1,
            "scale_y": 1,
            "color": 4294967295,
            "rotation": 0,
            "pre_create_code": null,
            "image_speed": 1,
            "image_index": 0
          },
          {
            "x": 800,
            "y": 160,
            "object_definition": "o46_eAsteroid",
            "instance_id": 141675,
            "creation_code": null,
            "scale_x": 1,
            "scale_y": 1,
            "color": 4294967295,
            "rotation": 0,
            "pre_create_code": null,
            "image_speed": 1,
            "image_index": 0
          },
          {
            "x": 736,
            "y": 144,
            "object_definition": "o46_eAsteroid",
            "instance_id": 141676,
            "creation_code": null,
            "scale_x": 1,
            "scale_y": 1,
            "color": 4294967295,
            "rotation": 0,
            "pre_create_code": null,
            "image_speed": 1,
            "image_index": 0
          },
          {
            "x": 1248,
            "y": 80,
            "object_definition": "o46_eAsteroid",
            "instance_id": 141677,
            "creation_code": null,
            "scale_x": 1,
            "scale_y": 1,
            "color": 4294967295,
            "rotation": 0,
            "pre_create_code": null,
            "image_speed": 1,
            "image_index": 0
          },
          {
            "x": 1296,
            "y": 64,
            "object_definition": "o46_eAsteroid",
            "instance_id": 141678,
            "creation_code": null,
            "scale_x": 1,
            "scale_y": 1,
            "color": 4294967295,
            "rotation": 0,
            "pre_create_code": null,
            "image_speed": 1,
            "image_index": 0
          },
          {
            "x": 608,
            "y": 112,
            "object_definition": "o46_eAsteroid",
            "instance_id": 141679,
            "creation_code": null,
            "scale_x": 1,
            "scale_y": 1,
            "color": 4294967295,
            "rotation": 0,
            "pre_create_code": null,
            "image_speed": 1,
            "image_index": 0
          },
          {
            "x": 640,
            "y": 128,
            "object_definition": "o46_eAsteroid",
            "instance_id": 141680,
            "creation_code": null,
            "scale_x": 1,
            "scale_y": 1,
            "color": 4294967295,
            "rotation": 0,
            "pre_create_code": null,
            "image_speed": 1,
            "image_index": 0
          },
          {
            "x": 1744,
            "y": 128,
            "object_definition": "o46_eCroiss",
            "instance_id": 141681,
            "creation_code": null,
            "scale_x": 1,
            "scale_y": 1,
            "color": 4294967295,
            "rotation": 0,
            "pre_create_code": null,
            "image_speed": 1,
            "image_index": 0
          },
          {
            "x": 1808,
            "y": 64,
            "object_definition": "o46_eCroiss",
            "instance_id": 141682,
            "creation_code": null,
            "scale_x": 1,
            "scale_y": 1,
            "color": 4294967295,
            "rotation": 0,
            "pre_create_code": null,
            "image_speed": 1,
            "image_index": 0
          },
          {
            "x": 1776,
            "y": 144,
            "object_definition": "o46_eCroiss",
            "instance_id": 141683,
            "creation_code": null,
            "scale_x": 1,
            "scale_y": 1,
            "color": 4294967295,
            "rotation": 0,
            "pre_create_code": null,
            "image_speed": 1,
            "image_index": 0
          },
          {
            "x": 1840,
            "y": 80,
            "object_definition": "o46_eCroiss",
            "instance_id": 141684,
            "creation_code": null,
            "scale_x": 1,
            "scale_y": 1,
            "color": 4294967295,
            "rotation": 0,
            "pre_create_code": null,
            "image_speed": 1,
            "image_index": 0
          },
          {
            "x": 1616,
            "y": 128,
            "object_definition": "o46_eSiner",
            "instance_id": 141685,
            "creation_code": null,
            "scale_x": 1,
            "scale_y": 1,
            "color": 4294967295,
            "rotation": 0,
            "pre_create_code": null,
            "image_speed": 1,
            "image_index": 0
          },
          {
            "x": 1624,
            "y": 128,
            "object_definition": "o46_eSiner",
            "instance_id": 141686,
            "creation_code": null,
            "scale_x": 1,
            "scale_y": 1,
            "color": 4294967295,
            "rotation": 0,
            "pre_create_code": null,
            "image_speed": 1,
            "image_index": 0
          },
          {
            "x": 1632,
            "y": 128,
            "object_definition": "o46_eSiner",
            "instance_id": 141687,
            "creation_code": null,
            "scale_x": 1,
            "scale_y": 1,
            "color": 4294967295,
            "rotation": 0,
            "pre_create_code": null,
            "image_speed": 1,
            "image_index": 0
          },
          {
            "x": 1640,
            "y": 128,
            "object_definition": "o46_eSiner",
            "instance_id": 141688,
            "creation_code": null,
            "scale_x": 1,
            "scale_y": 1,
            "color": 4294967295,
            "rotation": 0,
            "pre_create_code": null,
            "image_speed": 1,
            "image_index": 0
          },
          {
            "x": 1648,
            "y": 128,
            "object_definition": "o46_eSiner",
            "instance_id": 141689,
            "creation_code": null,
            "scale_x": 1,
            "scale_y": 1,
            "color": 4294967295,
            "rotation": 0,
            "pre_create_code": null,
            "image_speed": 1,
            "image_index": 0
          },
          {
            "x": 1656,
            "y": 128,
            "object_definition": "o46_eSiner",
            "instance_id": 141690,
            "creation_code": null,
            "scale_x": 1,
            "scale_y": 1,
            "color": 4294967295,
            "rotation": 0,
            "pre_create_code": null,
            "image_speed": 1,
            "image_index": 0
          },
          {
            "x": 1616,
            "y": 80,
            "object_definition": "o46_eSiner",
            "instance_id": 141691,
            "creation_code": null,
            "scale_x": 1,
            "scale_y": 1,
            "color": 4294967295,
            "rotation": 0,
            "pre_create_code": null,
            "image_speed": 1,
            "image_index": 0
          },
          {
            "x": 1624,
            "y": 80,
            "object_definition": "o46_eSiner",
            "instance_id": 141692,
            "creation_code": null,
            "scale_x": 1,
            "scale_y": 1,
            "color": 4294967295,
            "rotation": 0,
            "pre_create_code": null,
            "image_speed": 1,
            "image_index": 0
          },
          {
            "x": 1632,
            "y": 80,
            "object_definition": "o46_eSiner",
            "instance_id": 141693,
            "creation_code": null,
            "scale_x": 1,
            "scale_y": 1,
            "color": 4294967295,
            "rotation": 0,
            "pre_create_code": null,
            "image_speed": 1,
            "image_index": 0
          },
          {
            "x": 1640,
            "y": 80,
            "object_definition": "o46_eSiner",
            "instance_id": 141694,
            "creation_code": null,
            "scale_x": 1,
            "scale_y": 1,
            "color": 4294967295,
            "rotation": 0,
            "pre_create_code": null,
            "image_speed": 1,
            "image_index": 0
          },
          {
            "x": 1656,
            "y": 80,
            "object_definition": "o46_eSiner",
            "instance_id": 141696,
            "creation_code": null,
            "scale_x": 1,
            "scale_y": 1,
            "color": 4294967295,
            "rotation": 0,
            "pre_create_code": null,
            "image_speed": 1,
            "image_index": 0
          },
          {
            "x": 1808,
            "y": 112,
            "object_definition": "o46_eMine",
            "instance_id": 141697,
            "creation_code": null,
            "scale_x": 1,
            "scale_y": 1,
            "color": 4294967295,
            "rotation": 0,
            "pre_create_code": null,
            "image_speed": 1,
            "image_index": 0
          },
          {
            "x": 1872,
            "y": 48,
            "object_definition": "o46_eMine",
            "instance_id": 141698,
            "creation_code": null,
            "scale_x": 1,
            "scale_y": 1,
            "color": 4294967295,
            "rotation": 0,
            "pre_create_code": null,
            "image_speed": 1,
            "image_index": 0
          },
          {
            "x": 1984,
            "y": 144,
            "object_definition": "o46_eMine",
            "instance_id": 141699,
            "creation_code": null,
            "scale_x": 1,
            "scale_y": 1,
            "color": 4294967295,
            "rotation": 0,
            "pre_create_code": null,
            "image_speed": 1,
            "image_index": 0
          },
          {
            "x": 2144,
            "y": 128,
            "object_definition": "o46_eMine",
            "instance_id": 141700,
            "creation_code": null,
            "scale_x": 1,
            "scale_y": 1,
            "color": 4294967295,
            "rotation": 0,
            "pre_create_code": null,
            "image_speed": 1,
            "image_index": 0
          },
          {
            "x": 2032,
            "y": 112,
            "object_definition": "o46_eMine",
            "instance_id": 141701,
            "creation_code": null,
            "scale_x": 1,
            "scale_y": 1,
            "color": 4294967295,
            "rotation": 0,
            "pre_create_code": null,
            "image_speed": 1,
            "image_index": 0
          },
          {
            "x": 2112,
            "y": 80,
            "object_definition": "o46_eMine",
            "instance_id": 141702,
            "creation_code": null,
            "scale_x": 1,
            "scale_y": 1,
            "color": 4294967295,
            "rotation": 0,
            "pre_create_code": null,
            "image_speed": 1,
            "image_index": 0
          },
          {
            "x": 1936,
            "y": 160,
            "object_definition": "o46_eCroiss",
            "instance_id": 141703,
            "creation_code": null,
            "scale_x": 1,
            "scale_y": 1,
            "color": 4294967295,
            "rotation": 0,
            "pre_create_code": null,
            "image_speed": 1,
            "image_index": 0
          },
          {
            "x": 2016,
            "y": 112,
            "object_definition": "o46_eCroiss",
            "instance_id": 141704,
            "creation_code": null,
            "scale_x": 1,
            "scale_y": 1,
            "color": 4294967295,
            "rotation": 0,
            "pre_create_code": null,
            "image_speed": 1,
            "image_index": 0
          },
          {
            "x": 1968,
            "y": 192,
            "object_definition": "o46_eChopper",
            "instance_id": 141705,
            "creation_code": "gml_RoomCC_rm46_PhotoShoot02_13_Create",
            "scale_x": 1,
            "scale_y": 1,
            "color": 4294967295,
            "rotation": 0,
            "pre_create_code": null,
            "image_speed": 1,
            "image_index": 0
          },
          {
            "x": 1904,
            "y": 32,
            "object_definition": "o46_eChopper",
            "instance_id": 141706,
            "creation_code": "gml_RoomCC_rm46_PhotoShoot02_14_Create",
            "scale_x": 1,
            "scale_y": 1,
            "color": 4294967295,
            "rotation": 0,
            "pre_create_code": null,
            "image_speed": 1,
            "image_index": 0
          },
          {
            "x": 2096,
            "y": 192,
            "object_definition": "o46_eChopper",
            "instance_id": 141707,
            "creation_code": "gml_RoomCC_rm46_PhotoShoot02_15_Create",
            "scale_x": 1,
            "scale_y": 1,
            "color": 4294967295,
            "rotation": 0,
            "pre_create_code": null,
            "image_speed": 1,
            "image_index": 0
          },
          {
            "x": 2096,
            "y": 208,
            "object_definition": "o46_eChopper",
            "instance_id": 141708,
            "creation_code": "gml_RoomCC_rm46_PhotoShoot02_16_Create",
            "scale_x": 1,
            "scale_y": 1,
            "color": 4294967295,
            "rotation": 0,
            "pre_create_code": null,
            "image_speed": 1,
            "image_index": 0
          },
          {
            "x": 2128,
            "y": 16,
            "object_definition": "o46_eChopper",
            "instance_id": 141709,
            "creation_code": "gml_RoomCC_rm46_PhotoShoot02_17_Create",
            "scale_x": 1,
            "scale_y": 1,
            "color": 4294967295,
            "rotation": 0,
            "pre_create_code": null,
            "image_speed": 1,
            "image_index": 0
          },
          {
            "x": 2160,
            "y": 32,
            "object_definition": "o46_eChopper",
            "instance_id": 141710,
            "creation_code": "gml_RoomCC_rm46_PhotoShoot02_18_Create",
            "scale_x": 1,
            "scale_y": 1,
            "color": 4294967295,
            "rotation": 0,
            "pre_create_code": null,
            "image_speed": 1,
            "image_index": 0
          },
          {
            "x": 2224,
            "y": 64,
            "object_definition": "o46_eCroiss",
            "instance_id": 141711,
            "creation_code": null,
            "scale_x": 1,
            "scale_y": 1,
            "color": 4294967295,
            "rotation": 0,
            "pre_create_code": null,
            "image_speed": 1,
            "image_index": 0
          },
          {
            "x": 2224,
            "y": 112,
            "object_definition": "o46_eCroiss",
            "instance_id": 141712,
            "creation_code": null,
            "scale_x": 1,
            "scale_y": 1,
            "color": 4294967295,
            "rotation": 0,
            "pre_create_code": null,
            "image_speed": 1,
            "image_index": 0
          },
          {
            "x": 2224,
            "y": 160,
            "object_definition": "o46_eCroiss",
            "instance_id": 141713,
            "creation_code": null,
            "scale_x": 1,
            "scale_y": 1,
            "color": 4294967295,
            "rotation": 0,
            "pre_create_code": null,
            "image_speed": 1,
            "image_index": 0
          },
          {
            "x": 872,
            "y": 112,
            "object_definition": "o46_SinerTall",
            "instance_id": 141714,
            "creation_code": null,
            "scale_x": 1,
            "scale_y": 1,
            "color": 4294967295,
            "rotation": 0,
            "pre_create_code": null,
            "image_speed": 1,
            "image_index": 0
          },
          {
            "x": 880,
            "y": 112,
            "object_definition": "o46_SinerTall",
            "instance_id": 141715,
            "creation_code": null,
            "scale_x": 1,
            "scale_y": 1,
            "color": 4294967295,
            "rotation": 0,
            "pre_create_code": null,
            "image_speed": 1,
            "image_index": 0
          },
          {
            "x": 888,
            "y": 112,
            "object_definition": "o46_SinerTall",
            "instance_id": 141716,
            "creation_code": null,
            "scale_x": 1,
            "scale_y": 1,
            "color": 4294967295,
            "rotation": 0,
            "pre_create_code": null,
            "image_speed": 1,
            "image_index": 0
          },
          {
            "x": 896,
            "y": 112,
            "object_definition": "o46_SinerTall",
            "instance_id": 141717,
            "creation_code": null,
            "scale_x": 1,
            "scale_y": 1,
            "color": 4294967295,
            "rotation": 0,
            "pre_create_code": null,
            "image_speed": 1,
            "image_index": 0
          },
          {
            "x": 904,
            "y": 112,
            "object_definition": "o46_SinerTall",
            "instance_id": 141718,
            "creation_code": "gml_RoomCC_rm46_PhotoShoot02_19_Create",
            "scale_x": 1,
            "scale_y": 1,
            "color": 4294967295,
            "rotation": 0,
            "pre_create_code": null,
            "image_speed": 1,
            "image_index": 0
          },
          {
            "x": 912,
            "y": 112,
            "object_definition": "o46_SinerTall",
            "instance_id": 141719,
            "creation_code": null,
            "scale_x": 1,
            "scale_y": 1,
            "color": 4294967295,
            "rotation": 0,
            "pre_create_code": null,
            "image_speed": 1,
            "image_index": 0
          },
          {
            "x": 920,
            "y": 112,
            "object_definition": "o46_SinerTall",
            "instance_id": 141720,
            "creation_code": null,
            "scale_x": 1,
            "scale_y": 1,
            "color": 4294967295,
            "rotation": 0,
            "pre_create_code": null,
            "image_speed": 1,
            "image_index": 0
          },
          {
            "x": 928,
            "y": 112,
            "object_definition": "o46_SinerTall",
            "instance_id": 141721,
            "creation_code": null,
            "scale_x": 1,
            "scale_y": 1,
            "color": 4294967295,
            "rotation": 0,
            "pre_create_code": null,
            "image_speed": 1,
            "image_index": 0
          },
          {
            "x": 936,
            "y": 112,
            "object_definition": "o46_SinerTall",
            "instance_id": 141722,
            "creation_code": null,
            "scale_x": 1,
            "scale_y": 1,
            "color": 4294967295,
            "rotation": 0,
            "pre_create_code": null,
            "image_speed": 1,
            "image_index": 0
          },
          {
            "x": 2272,
            "y": 96,
            "object_definition": "o46_eCroiss",
            "instance_id": 141723,
            "creation_code": null,
            "scale_x": 1,
            "scale_y": 1,
            "color": 4294967295,
            "rotation": 0,
            "pre_create_code": null,
            "image_speed": 1,
            "image_index": 0
          },
          {
            "x": 2272,
            "y": 144,
            "object_definition": "o46_eCroiss",
            "instance_id": 141724,
            "creation_code": null,
            "scale_x": 1,
            "scale_y": 1,
            "color": 4294967295,
            "rotation": 0,
            "pre_create_code": null,
            "image_speed": 1,
            "image_index": 0
          },
          {
            "x": 1648,
            "y": 80,
            "object_definition": "o46_eXLifer01",
            "instance_id": 204479,
            "creation_code": null,
            "scale_x": 1,
            "scale_y": 1,
            "color": 4294967295,
            "rotation": 0,
            "pre_create_code": null,
            "image_speed": 0,
            "image_index": 0
          }
        ]
      }
    },
    {
      "layer_name": "Compatibility_Instances_Depth_200",
      "layer_id": 238,
      "layer_type": 2,
      "layer_depth": 200,
      "x_offset": 0,
      "y_offset": 0,
      "h_speed": 0,
      "v_speed": 0,
      "is_visible": true,
      "layer_data": {
        "instances": [
          {
            "x": 0,
            "y": 0,
            "object_definition": "o46_Void",
            "instance_id": 141725,
            "creation_code": null,
            "scale_x": 1,
            "scale_y": 1,
            "color": 4294967295,
            "rotation": 0,
            "pre_create_code": null,
            "image_speed": 1,
            "image_index": 0
          }
        ]
      }
    },
    {
      "layer_name": "Compatibility_Colour",
      "layer_id": 239,
      "layer_type": 1,
      "layer_depth": 2147483600,
      "x_offset": 0,
      "y_offset": 0,
      "h_speed": 0,
      "v_speed": 0,
      "is_visible": true,
      "layer_data": {
        "visible": true,
        "foreground": false,
        "sprite": null,
        "tiled_horizontally": false,
        "tiled_vertically": false,
        "stretch": false,
        "color": 4278190080,
        "first_frame": 0,
        "animation_speed": 15,
        "animation_speed_type": 0
      }
    }
  ]
}